{"cameraMode":{"drawMode":0,"name":"Shaded","section":"Shading Mode"},"sceneLighting":false,"audioPlay":false,"sceneViewState":{"showFog":true,"showMaterialUpdate":false,"showSkybox":true,"showFlares":true,"showImageEffects":true,"showParticleSystems":true},"in2DMode":false,"pivot":{"x":3.930543899536133,"y":-0.2825469970703125,"z":4.049302101135254},"rotation":{"x":-0.1339348554611206,"y":0.8448419570922852,"z":-0.24917946755886079,"w":-0.4541069567203522},"size":26.203584671020509,"orthographic":false}