{"cameraMode":{"drawMode":0,"name":"Shaded","section":"Shading Mode"},"sceneLighting":false,"audioPlay":false,"sceneViewState":{"showFog":true,"showMaterialUpdate":false,"showSkybox":true,"showFlares":true,"showImageEffects":true,"showParticleSystems":true},"in2DMode":false,"pivot":{"x":-1.4798483848571778,"y":2.077558994293213,"z":1.5800641775131226},"rotation":{"x":-0.17968732118606568,"y":0.266863077878952,"z":-0.05071769282221794,"w":-0.9454757571220398},"size":1.9834344387054444,"orthographic":false}